Date,Region,Article Count,Country,DateTime,Cases,Deaths
2020/01/23,china,3514.0,China,2020-01-23,643,18
2020/01/24,china,7812.0,China,2020-01-24,920,26
2020/01/25,china,12292.0,China,2020-01-25,1406,42
2020/01/26,china,15428.0,China,2020-01-26,2075,56
2020/01/27,china,18116.0,China,2020-01-27,2877,82
2020/01/28,china,24220.0,China,2020-01-28,5509,131
2020/01/29,china,32368.0,China,2020-01-29,6087,133
2020/01/30,china,42238.0,China,2020-01-30,8141,171
2020/01/31,china,52808.0,China,2020-01-31,9802,213
2020/02/01,china,63392.0,China,2020-02-01,11891,259
2020/02/02,china,68642.0,China,2020-02-02,16630,361
2020/02/03,china,73808.0,China,2020-02-03,19716,425
2020/02/04,china,82684.0,China,2020-02-04,23707,491
2020/02/05,china,91770.0,China,2020-02-05,27440,563
2020/02/06,china,99932.0,China,2020-02-06,30587,633
2020/02/07,china,108094.0,China,2020-02-07,34110,718
2020/02/08,china,115150.0,China,2020-02-08,36814,805
2020/02/09,china,118930.0,China,2020-02-09,39829,905
2020/02/10,china,122402.0,China,2020-02-10,42354,1012
2020/02/11,china,129206.0,China,2020-02-11,44386,1112
2020/02/12,china,135772.0,China,2020-02-12,44759,1117
2020/02/13,china,142198.0,China,2020-02-13,59895,1369
2020/02/14,china,149352.0,China,2020-02-14,66358,1521
2020/02/15,china,155750.0,China,2020-02-15,68413,1663
2020/02/16,china,159068.0,China,2020-02-16,70513,1766
2020/02/17,china,161504.0,China,2020-02-17,72434,1864
2020/02/18,china,168154.0,China,2020-02-18,74211,2003
2020/02/19,china,174328.0,China,2020-02-19,74619,2116
2020/02/20,china,205534.0,China,2020-02-20,75077,2238
2020/02/21,china,213808.0,China,2020-02-21,75550,2238
2020/02/22,china,221844.0,China,2020-02-22,77001,2443
2020/02/23,china,226072.0,China,2020-02-23,77022,2445
2020/02/24,china,229236.0,China,2020-02-24,77241,2595
2020/02/25,china,236460.0,China,2020-02-25,77754,2665
2020/02/26,china,243922.0,China,2020-02-26,78166,2717
2020/02/27,china,276430.0,China,2020-02-27,78600,2746
2020/02/28,china,285446.0,China,2020-02-28,78928,2790
2020/02/29,china,293118.0,China,2020-02-29,79356,2837
2020/03/02,china,296548.0,China,2020-03-02,80136,2914
2020/03/03,china,303394.0,China,2020-03-03,80261,2947
2020/03/04,china,309526.0,China,2020-03-04,80386,2983
2020/03/05,china,314958.0,China,2020-03-05,80537,3015
2020/03/06,china,321202.0,China,2020-03-06,80690,3044
2020/03/07,china,326914.0,China,2020-03-07,80770,3072
2020/03/08,china,330092.0,China,2020-03-08,80823,3100
2020/03/09,china,332836.0,China,2020-03-09,80860,3123
2020/03/10,china,338212.0,China,2020-03-10,80887,3139
2020/03/11,china,345142.0,China,2020-03-11,80921,3161
2020/03/12,china,351708.0,China,2020-03-12,80932,3172
2020/03/13,china,357770.0,China,2020-03-13,80945,3180
2020/03/14,china,363804.0,China,2020-03-14,80977,3193
2020/03/15,china,367388.0,China,2020-03-15,81003,3203
2020/03/16,china,370482.0,China,2020-03-16,81033,3217
2020/03/17,china,377314.0,China,2020-03-17,81058,3230
2020/01/23,iran,28.0,Iran,2020-01-23,1,1
2020/01/24,iran,28.0,Iran,2020-01-24,1,1
2020/01/25,iran,56.0,Iran,2020-01-25,1,1
2020/01/26,iran,70.0,Iran,2020-01-26,1,1
2020/01/27,iran,70.0,Iran,2020-01-27,1,1
2020/01/28,iran,70.0,Iran,2020-01-28,1,1
2020/01/29,iran,70.0,Iran,2020-01-29,1,1
2020/01/30,iran,126.0,Iran,2020-01-30,1,1
2020/01/31,iran,126.0,Iran,2020-01-31,1,1
2020/02/01,iran,224.0,Iran,2020-02-01,1,1
2020/02/02,iran,280.0,Iran,2020-02-02,1,1
2020/02/03,iran,294.0,Iran,2020-02-03,1,1
2020/02/04,iran,364.0,Iran,2020-02-04,1,1
2020/02/05,iran,420.0,Iran,2020-02-05,1,1
2020/02/06,iran,476.0,Iran,2020-02-06,1,1
2020/02/07,iran,504.0,Iran,2020-02-07,1,1
2020/02/08,iran,546.0,Iran,2020-02-08,1,1
2020/02/09,iran,560.0,Iran,2020-02-09,1,1
2020/02/10,iran,574.0,Iran,2020-02-10,1,1
2020/02/11,iran,616.0,Iran,2020-02-11,1,1
2020/02/12,iran,644.0,Iran,2020-02-12,1,1
2020/02/13,iran,644.0,Iran,2020-02-13,1,1
2020/02/14,iran,672.0,Iran,2020-02-14,1,1
2020/02/15,iran,686.0,Iran,2020-02-15,1,1
2020/02/16,iran,686.0,Iran,2020-02-16,1,1
2020/02/17,iran,686.0,Iran,2020-02-17,1,1
2020/02/18,iran,756.0,Iran,2020-02-18,1,1
2020/02/19,iran,798.0,Iran,2020-02-19,2,2
2020/02/20,iran,994.0,Iran,2020-02-20,5,2
2020/02/21,iran,1218.0,Iran,2020-02-21,18,4
2020/02/22,iran,1694.0,Iran,2020-02-22,28,5
2020/02/23,iran,2184.0,Iran,2020-02-23,43,8
2020/02/24,iran,2982.0,Iran,2020-02-24,61,12
2020/02/25,iran,4228.0,Iran,2020-02-25,95,16
2020/02/26,iran,5712.0,Iran,2020-02-26,139,19
2020/02/27,iran,6832.0,Iran,2020-02-27,245,26
2020/02/28,iran,8120.0,Iran,2020-02-28,388,34
2020/02/29,iran,9170.0,Iran,2020-02-29,593,43
2020/03/02,iran,9786.0,Iran,2020-03-02,1501,66
2020/03/03,iran,10962.0,Iran,2020-03-03,2336,77
2020/03/04,iran,12152.0,Iran,2020-03-04,2922,92
2020/03/05,iran,12950.0,Iran,2020-03-05,3513,107
2020/03/06,iran,13790.0,Iran,2020-03-06,4747,124
2020/03/07,iran,14322.0,Iran,2020-03-07,5823,145
2020/03/08,iran,14910.0,Iran,2020-03-08,6566,194
2020/03/09,iran,15330.0,Iran,2020-03-09,7161,237
2020/03/10,iran,16016.0,Iran,2020-03-10,8042,291
2020/03/11,iran,16548.0,Iran,2020-03-11,9000,354
2020/03/12,iran,17304.0,Iran,2020-03-12,10075,429
2020/03/13,iran,18046.0,Iran,2020-03-13,11364,514
2020/03/14,iran,18788.0,Iran,2020-03-14,12729,611
2020/03/15,iran,19278.0,Iran,2020-03-15,13938,724
2020/03/16,iran,19866.0,Iran,2020-03-16,14991,853
2020/03/17,iran,20482.0,Iran,2020-03-17,16169,988
2020/01/23,italy,266.0,Italy,2020-01-23,1,1
2020/01/24,italy,756.0,Italy,2020-01-24,1,1
2020/01/25,italy,1204.0,Italy,2020-01-25,1,1
2020/01/26,italy,1680.0,Italy,2020-01-26,1,1
2020/01/27,italy,1932.0,Italy,2020-01-27,1,1
2020/01/28,italy,2576.0,Italy,2020-01-28,1,1
2020/01/29,italy,3206.0,Italy,2020-01-29,1,1
2020/01/30,italy,4242.0,Italy,2020-01-30,1,1
2020/01/31,italy,5936.0,Italy,2020-01-31,2,1
2020/02/01,italy,8526.0,Italy,2020-02-01,2,1
2020/02/02,italy,9870.0,Italy,2020-02-02,2,1
2020/02/03,italy,11284.0,Italy,2020-02-03,2,1
2020/02/04,italy,12852.0,Italy,2020-02-04,2,1
2020/02/05,italy,14350.0,Italy,2020-02-05,2,1
2020/02/06,italy,15974.0,Italy,2020-02-06,2,1
2020/02/07,italy,17458.0,Italy,2020-02-07,3,1
2020/02/08,italy,18956.0,Italy,2020-02-08,3,1
2020/02/09,italy,19950.0,Italy,2020-02-09,3,1
2020/02/10,italy,20664.0,Italy,2020-02-10,3,1
2020/02/11,italy,21966.0,Italy,2020-02-11,3,1
2020/02/12,italy,23058.0,Italy,2020-02-12,3,1
2020/02/13,italy,24206.0,Italy,2020-02-13,3,1
2020/02/14,italy,25186.0,Italy,2020-02-14,3,1
2020/02/15,italy,26054.0,Italy,2020-02-15,3,1
2020/02/16,italy,26838.0,Italy,2020-02-16,3,1
2020/02/17,italy,27412.0,Italy,2020-02-17,3,1
2020/02/18,italy,28518.0,Italy,2020-02-18,3,1
2020/02/19,italy,29736.0,Italy,2020-02-19,3,1
2020/02/20,italy,31178.0,Italy,2020-02-20,3,1
2020/02/21,italy,32228.0,Italy,2020-02-21,20,1
2020/02/22,italy,35252.0,Italy,2020-02-22,62,2
2020/02/23,italy,40922.0,Italy,2020-02-23,155,3
2020/02/24,italy,47768.0,Italy,2020-02-24,229,7
2020/02/25,italy,60690.0,Italy,2020-02-25,322,10
2020/02/26,italy,76384.0,Italy,2020-02-26,453,12
2020/02/27,italy,91252.0,Italy,2020-02-27,655,17
2020/02/28,italy,103264.0,Italy,2020-02-28,888,21
2020/02/29,italy,113148.0,Italy,2020-02-29,1128,29
2020/03/02,italy,119098.0,Italy,2020-03-02,2036,52
2020/03/03,italy,127932.0,Italy,2020-03-03,2502,79
2020/03/04,italy,138124.0,Italy,2020-03-04,3089,107
2020/03/05,italy,149254.0,Italy,2020-03-05,3858,148
2020/03/06,italy,160748.0,Italy,2020-03-06,4636,197
2020/03/07,italy,172956.0,Italy,2020-03-07,5883,233
2020/03/08,italy,181454.0,Italy,2020-03-08,7375,366
2020/03/09,italy,191506.0,Italy,2020-03-09,9172,463
2020/03/10,italy,206234.0,Italy,2020-03-10,10149,631
2020/03/11,italy,223454.0,Italy,2020-03-11,12462,827
2020/03/12,italy,241248.0,Italy,2020-03-12,12462,827
2020/03/13,italy,258636.0,Italy,2020-03-13,17660,1266
2020/03/14,italy,275310.0,Italy,2020-03-14,21157,1441
2020/03/15,italy,287252.0,Italy,2020-03-15,24747,1809
2020/03/16,italy,296982.0,Italy,2020-03-16,27980,2158
2020/03/17,italy,312634.0,Italy,2020-03-17,31506,2503
2020/01/23,jap,112.0,Japan,2020-01-23,2,1
2020/01/24,jap,336.0,Japan,2020-01-24,2,1
2020/01/25,jap,518.0,Japan,2020-01-25,2,1
2020/01/26,jap,560.0,Japan,2020-01-26,4,1
2020/01/27,jap,630.0,Japan,2020-01-27,4,1
2020/01/28,jap,896.0,Japan,2020-01-28,7,1
2020/01/29,jap,1344.0,Japan,2020-01-29,7,1
2020/01/30,jap,1806.0,Japan,2020-01-30,11,1
2020/01/31,jap,2128.0,Japan,2020-01-31,15,1
2020/02/01,jap,2506.0,Japan,2020-02-01,20,1
2020/02/02,jap,2632.0,Japan,2020-02-02,20,1
2020/02/03,jap,2716.0,Japan,2020-02-03,20,1
2020/02/04,jap,3024.0,Japan,2020-02-04,22,1
2020/02/05,jap,3346.0,Japan,2020-02-05,22,1
2020/02/06,jap,4074.0,Japan,2020-02-06,22,1
2020/02/07,jap,5012.0,Japan,2020-02-07,25,1
2020/02/08,jap,5964.0,Japan,2020-02-08,25,1
2020/02/09,jap,6384.0,Japan,2020-02-09,26,1
2020/02/10,jap,6748.0,Japan,2020-02-10,26,1
2020/02/11,jap,7392.0,Japan,2020-02-11,26,1
2020/02/12,jap,7952.0,Japan,2020-02-12,28,1
2020/02/13,jap,8652.0,Japan,2020-02-13,28,1
2020/02/14,jap,9450.0,Japan,2020-02-14,29,1
2020/02/15,jap,10192.0,Japan,2020-02-15,43,1
2020/02/16,jap,10780.0,Japan,2020-02-16,59,1
2020/02/17,jap,11256.0,Japan,2020-02-17,66,1
2020/02/18,jap,12432.0,Japan,2020-02-18,74,1
2020/02/19,jap,13608.0,Japan,2020-02-19,84,1
2020/02/20,jap,17206.0,Japan,2020-02-20,94,1
2020/02/21,jap,18844.0,Japan,2020-02-21,105,1
2020/02/22,jap,20356.0,Japan,2020-02-22,122,1
2020/02/23,jap,21154.0,Japan,2020-02-23,147,1
2020/02/24,jap,21812.0,Japan,2020-02-24,159,1
2020/02/25,jap,22442.0,Japan,2020-02-25,170,1
2020/02/26,jap,23800.0,Japan,2020-02-26,189,2
2020/02/27,jap,26614.0,Japan,2020-02-27,214,4
2020/02/28,jap,28196.0,Japan,2020-02-28,228,4
2020/02/29,jap,29722.0,Japan,2020-02-29,241,5
2020/03/02,jap,30296.0,Japan,2020-03-02,274,6
2020/03/03,jap,31500.0,Japan,2020-03-03,293,6
2020/03/04,jap,32872.0,Japan,2020-03-04,331,6
2020/03/05,jap,34272.0,Japan,2020-03-05,360,6
2020/03/06,jap,35266.0,Japan,2020-03-06,420,6
2020/03/07,jap,36204.0,Japan,2020-03-07,461,6
2020/03/08,jap,36680.0,Japan,2020-03-08,502,6
2020/03/09,jap,36904.0,Japan,2020-03-09,511,10
2020/03/10,jap,37954.0,Japan,2020-03-10,581,10
2020/03/11,jap,38780.0,Japan,2020-03-11,639,15
2020/03/12,jap,39592.0,Japan,2020-03-12,639,16
2020/03/13,jap,40642.0,Japan,2020-03-13,701,19
2020/03/14,jap,41860.0,Japan,2020-03-14,773,22
2020/03/15,jap,42588.0,Japan,2020-03-15,839,22
2020/03/16,jap,43162.0,Japan,2020-03-16,839,27
2020/03/17,jap,44422.0,Japan,2020-03-17,878,29
2020/01/23,singp,84.0,Singapore,2020-01-23,1,1
2020/01/24,singp,252.0,Singapore,2020-01-24,3,1
2020/01/25,singp,364.0,Singapore,2020-01-25,3,1
2020/01/26,singp,392.0,Singapore,2020-01-26,4,1
2020/01/27,singp,434.0,Singapore,2020-01-27,5,1
2020/01/28,singp,518.0,Singapore,2020-01-28,7,1
2020/01/29,singp,714.0,Singapore,2020-01-29,7,1
2020/01/30,singp,966.0,Singapore,2020-01-30,10,1
2020/01/31,singp,1162.0,Singapore,2020-01-31,13,1
2020/02/01,singp,1330.0,Singapore,2020-02-01,16,1
2020/02/02,singp,1428.0,Singapore,2020-02-02,18,1
2020/02/03,singp,1498.0,Singapore,2020-02-03,18,1
2020/02/04,singp,1680.0,Singapore,2020-02-04,24,1
2020/02/05,singp,1890.0,Singapore,2020-02-05,28,1
2020/02/06,singp,2156.0,Singapore,2020-02-06,28,1
2020/02/07,singp,2338.0,Singapore,2020-02-07,30,1
2020/02/08,singp,2660.0,Singapore,2020-02-08,33,1
2020/02/09,singp,2828.0,Singapore,2020-02-09,40,1
2020/02/10,singp,3038.0,Singapore,2020-02-10,45,1
2020/02/11,singp,3430.0,Singapore,2020-02-11,47,1
2020/02/12,singp,3822.0,Singapore,2020-02-12,50,1
2020/02/13,singp,4116.0,Singapore,2020-02-13,58,1
2020/02/14,singp,4424.0,Singapore,2020-02-14,67,1
2020/02/15,singp,4802.0,Singapore,2020-02-15,72,1
2020/02/16,singp,4984.0,Singapore,2020-02-16,75,1
2020/02/17,singp,5152.0,Singapore,2020-02-17,77,1
2020/02/18,singp,5390.0,Singapore,2020-02-18,81,1
2020/02/19,singp,5796.0,Singapore,2020-02-19,84,1
2020/02/20,singp,7686.0,Singapore,2020-02-20,84,1
2020/02/21,singp,8204.0,Singapore,2020-02-21,85,1
2020/02/22,singp,8400.0,Singapore,2020-02-22,85,1
2020/02/23,singp,8610.0,Singapore,2020-02-23,89,1
2020/02/24,singp,8750.0,Singapore,2020-02-24,89,1
2020/02/25,singp,9086.0,Singapore,2020-02-25,91,1
2020/02/26,singp,9450.0,Singapore,2020-02-26,93,1
2020/02/27,singp,9954.0,Singapore,2020-02-27,93,1
2020/02/28,singp,10262.0,Singapore,2020-02-28,93,1
2020/02/29,singp,10528.0,Singapore,2020-02-29,102,1
2020/03/02,singp,10654.0,Singapore,2020-03-02,108,1
2020/03/03,singp,10864.0,Singapore,2020-03-03,110,1
2020/03/04,singp,11368.0,Singapore,2020-03-04,110,1
2020/03/05,singp,11634.0,Singapore,2020-03-05,117,1
2020/03/06,singp,11998.0,Singapore,2020-03-06,130,1
2020/03/07,singp,12348.0,Singapore,2020-03-07,138,1
2020/03/08,singp,12488.0,Singapore,2020-03-08,150,1
2020/03/09,singp,12586.0,Singapore,2020-03-09,150,1
2020/03/10,singp,12992.0,Singapore,2020-03-10,160,1
2020/03/11,singp,13356.0,Singapore,2020-03-11,178,1
2020/03/12,singp,13734.0,Singapore,2020-03-12,178,1
2020/03/13,singp,14336.0,Singapore,2020-03-13,200,1
2020/03/14,singp,14798.0,Singapore,2020-03-14,212,1
2020/03/15,singp,15022.0,Singapore,2020-03-15,226,1
2020/03/16,singp,15246.0,Singapore,2020-03-16,243,1
2020/03/17,singp,15666.0,Singapore,2020-03-17,266,1
2020/01/23,skorea,98.0,"Korea, South",2020-01-23,1,1
2020/01/24,skorea,224.0,"Korea, South",2020-01-24,2,1
2020/01/25,skorea,308.0,"Korea, South",2020-01-25,2,1
2020/01/26,skorea,364.0,"Korea, South",2020-01-26,3,1
2020/01/27,skorea,406.0,"Korea, South",2020-01-27,4,1
2020/01/28,skorea,504.0,"Korea, South",2020-01-28,4,1
2020/01/29,skorea,784.0,"Korea, South",2020-01-29,4,1
2020/01/30,skorea,1120.0,"Korea, South",2020-01-30,4,1
2020/01/31,skorea,1456.0,"Korea, South",2020-01-31,11,1
2020/02/01,skorea,1890.0,"Korea, South",2020-02-01,12,1
2020/02/02,skorea,1946.0,"Korea, South",2020-02-02,15,1
2020/02/03,skorea,2142.0,"Korea, South",2020-02-03,15,1
2020/02/04,skorea,2408.0,"Korea, South",2020-02-04,16,1
2020/02/05,skorea,2800.0,"Korea, South",2020-02-05,19,1
2020/02/06,skorea,3038.0,"Korea, South",2020-02-06,23,1
2020/02/07,skorea,3472.0,"Korea, South",2020-02-07,24,1
2020/02/08,skorea,3682.0,"Korea, South",2020-02-08,24,1
2020/02/09,skorea,3724.0,"Korea, South",2020-02-09,25,1
2020/02/10,skorea,3808.0,"Korea, South",2020-02-10,27,1
2020/02/11,skorea,3934.0,"Korea, South",2020-02-11,28,1
2020/02/12,skorea,4186.0,"Korea, South",2020-02-12,28,1
2020/02/13,skorea,4578.0,"Korea, South",2020-02-13,28,1
2020/02/14,skorea,4872.0,"Korea, South",2020-02-14,28,1
2020/02/15,skorea,5026.0,"Korea, South",2020-02-15,28,1
2020/02/16,skorea,5096.0,"Korea, South",2020-02-16,29,1
2020/02/17,skorea,5250.0,"Korea, South",2020-02-17,30,1
2020/02/18,skorea,5656.0,"Korea, South",2020-02-18,31,1
2020/02/19,skorea,5964.0,"Korea, South",2020-02-19,31,1
2020/02/20,skorea,7168.0,"Korea, South",2020-02-20,104,1
2020/02/21,skorea,8050.0,"Korea, South",2020-02-21,204,2
2020/02/22,skorea,9016.0,"Korea, South",2020-02-22,433,2
2020/02/23,skorea,9758.0,"Korea, South",2020-02-23,602,6
2020/02/24,skorea,10738.0,"Korea, South",2020-02-24,833,8
2020/02/25,skorea,12754.0,"Korea, South",2020-02-25,977,10
2020/02/26,skorea,14602.0,"Korea, South",2020-02-26,1261,12
2020/02/27,skorea,16450.0,"Korea, South",2020-02-27,1766,13
2020/02/28,skorea,17962.0,"Korea, South",2020-02-28,2337,13
2020/02/29,skorea,19222.0,"Korea, South",2020-02-29,3150,16
2020/03/02,skorea,20146.0,"Korea, South",2020-03-02,4335,28
2020/03/03,skorea,21728.0,"Korea, South",2020-03-03,5186,28
2020/03/04,skorea,22890.0,"Korea, South",2020-03-04,5621,35
2020/03/05,skorea,23772.0,"Korea, South",2020-03-05,6088,35
2020/03/06,skorea,24990.0,"Korea, South",2020-03-06,6593,42
2020/03/07,skorea,25956.0,"Korea, South",2020-03-07,7041,44
2020/03/08,skorea,26334.0,"Korea, South",2020-03-08,7314,50
2020/03/09,skorea,26712.0,"Korea, South",2020-03-09,7478,53
2020/03/10,skorea,27608.0,"Korea, South",2020-03-10,7513,54
2020/03/11,skorea,28420.0,"Korea, South",2020-03-11,7755,60
2020/03/12,skorea,29344.0,"Korea, South",2020-03-12,7869,66
2020/03/13,skorea,30212.0,"Korea, South",2020-03-13,7979,66
2020/03/14,skorea,31010.0,"Korea, South",2020-03-14,8086,72
2020/03/15,skorea,31542.0,"Korea, South",2020-03-15,8162,75
2020/03/16,skorea,32004.0,"Korea, South",2020-03-16,8236,75
2020/03/17,skorea,33068.0,"Korea, South",2020-03-17,8320,81
2020/01/23,spain,98.0,Spain,2020-01-23,1,1
2020/01/24,spain,280.0,Spain,2020-01-24,1,1
2020/01/25,spain,644.0,Spain,2020-01-25,1,1
2020/01/26,spain,994.0,Spain,2020-01-26,1,1
2020/01/27,spain,1204.0,Spain,2020-01-27,1,1
2020/01/28,spain,1624.0,Spain,2020-01-28,1,1
2020/01/29,spain,2198.0,Spain,2020-01-29,1,1
2020/01/30,spain,2856.0,Spain,2020-01-30,1,1
2020/01/31,spain,4158.0,Spain,2020-01-31,1,1
2020/02/01,spain,5236.0,Spain,2020-02-01,1,1
2020/02/02,spain,6356.0,Spain,2020-02-02,1,1
2020/02/03,spain,6860.0,Spain,2020-02-03,1,1
2020/02/04,spain,7476.0,Spain,2020-02-04,1,1
2020/02/05,spain,8246.0,Spain,2020-02-05,1,1
2020/02/06,spain,8876.0,Spain,2020-02-06,1,1
2020/02/07,spain,9688.0,Spain,2020-02-07,1,1
2020/02/08,spain,10206.0,Spain,2020-02-08,1,1
2020/02/09,spain,10598.0,Spain,2020-02-09,2,1
2020/02/10,spain,11102.0,Spain,2020-02-10,2,1
2020/02/11,spain,12180.0,Spain,2020-02-11,2,1
2020/02/12,spain,13412.0,Spain,2020-02-12,2,1
2020/02/13,spain,15036.0,Spain,2020-02-13,2,1
2020/02/14,spain,16814.0,Spain,2020-02-14,2,1
2020/02/15,spain,17836.0,Spain,2020-02-15,2,1
2020/02/16,spain,18284.0,Spain,2020-02-16,2,1
2020/02/17,spain,18648.0,Spain,2020-02-17,2,1
2020/02/18,spain,19530.0,Spain,2020-02-18,2,1
2020/02/19,spain,20020.0,Spain,2020-02-19,2,1
2020/02/20,spain,20888.0,Spain,2020-02-20,2,1
2020/02/21,spain,21378.0,Spain,2020-02-21,2,1
2020/02/22,spain,21742.0,Spain,2020-02-22,2,1
2020/02/23,spain,21938.0,Spain,2020-02-23,2,1
2020/02/24,spain,22414.0,Spain,2020-02-24,2,1
2020/02/25,spain,23786.0,Spain,2020-02-25,6,1
2020/02/26,spain,27300.0,Spain,2020-02-26,13,1
2020/02/27,spain,31598.0,Spain,2020-02-27,15,1
2020/02/28,spain,34846.0,Spain,2020-02-28,32,1
2020/02/29,spain,37702.0,Spain,2020-02-29,45,1
2020/03/02,spain,39564.0,Spain,2020-03-02,120,1
2020/03/03,spain,42098.0,Spain,2020-03-03,165,1
2020/03/04,spain,44912.0,Spain,2020-03-04,222,2
2020/03/05,spain,48538.0,Spain,2020-03-05,259,3
2020/03/06,spain,52542.0,Spain,2020-03-06,400,5
2020/03/07,spain,56896.0,Spain,2020-03-07,500,10
2020/03/08,spain,59346.0,Spain,2020-03-08,673,17
2020/03/09,spain,61250.0,Spain,2020-03-09,1073,28
2020/03/10,spain,65898.0,Spain,2020-03-10,1695,35
2020/03/11,spain,74732.0,Spain,2020-03-11,2277,54
2020/03/12,spain,87192.0,Spain,2020-03-12,2277,55
2020/03/13,spain,100912.0,Spain,2020-03-13,5232,133
2020/03/14,spain,117530.0,Spain,2020-03-14,6391,195
2020/03/15,spain,128912.0,Spain,2020-03-15,7798,289
2020/03/16,spain,140336.0,Spain,2020-03-16,9942,342
2020/03/17,spain,156142.0,Spain,2020-03-17,11748,533
2020/01/23,uk,238.0,United Kingdom,2020-01-23,1,1
2020/01/24,uk,560.0,United Kingdom,2020-01-24,1,1
2020/01/25,uk,1050.0,United Kingdom,2020-01-25,1,1
2020/01/26,uk,1190.0,United Kingdom,2020-01-26,1,1
2020/01/27,uk,1386.0,United Kingdom,2020-01-27,1,1
2020/01/28,uk,1778.0,United Kingdom,2020-01-28,1,1
2020/01/29,uk,2226.0,United Kingdom,2020-01-29,1,1
2020/01/30,uk,2954.0,United Kingdom,2020-01-30,1,1
2020/01/31,uk,3780.0,United Kingdom,2020-01-31,2,1
2020/02/01,uk,5082.0,United Kingdom,2020-02-01,2,1
2020/02/02,uk,5712.0,United Kingdom,2020-02-02,2,1
2020/02/03,uk,6006.0,United Kingdom,2020-02-03,2,1
2020/02/04,uk,6664.0,United Kingdom,2020-02-04,2,1
2020/02/05,uk,7336.0,United Kingdom,2020-02-05,2,1
2020/02/06,uk,7896.0,United Kingdom,2020-02-06,2,1
2020/02/07,uk,8428.0,United Kingdom,2020-02-07,3,1
2020/02/08,uk,8862.0,United Kingdom,2020-02-08,3,1
2020/02/09,uk,9324.0,United Kingdom,2020-02-09,3,1
2020/02/10,uk,9716.0,United Kingdom,2020-02-10,8,1
2020/02/11,uk,10570.0,United Kingdom,2020-02-11,8,1
2020/02/12,uk,11466.0,United Kingdom,2020-02-12,9,1
2020/02/13,uk,12152.0,United Kingdom,2020-02-13,9,1
2020/02/14,uk,12726.0,United Kingdom,2020-02-14,9,1
2020/02/15,uk,13314.0,United Kingdom,2020-02-15,9,1
2020/02/16,uk,13636.0,United Kingdom,2020-02-16,9,1
2020/02/17,uk,13790.0,United Kingdom,2020-02-17,9,1
2020/02/18,uk,14154.0,United Kingdom,2020-02-18,9,1
2020/02/19,uk,14588.0,United Kingdom,2020-02-19,9,1
2020/02/20,uk,17962.0,United Kingdom,2020-02-20,9,1
2020/02/21,uk,18592.0,United Kingdom,2020-02-21,9,1
2020/02/22,uk,19264.0,United Kingdom,2020-02-22,9,1
2020/02/23,uk,19600.0,United Kingdom,2020-02-23,9,1
2020/02/24,uk,19852.0,United Kingdom,2020-02-24,13,1
2020/02/25,uk,20566.0,United Kingdom,2020-02-25,13,1
2020/02/26,uk,21728.0,United Kingdom,2020-02-26,13,1
2020/02/27,uk,23254.0,United Kingdom,2020-02-27,15,1
2020/02/28,uk,24808.0,United Kingdom,2020-02-28,20,1
2020/02/29,uk,26670.0,United Kingdom,2020-02-29,23,1
2020/03/02,uk,27524.0,United Kingdom,2020-03-02,40,1
2020/03/03,uk,29008.0,United Kingdom,2020-03-03,51,1
2020/03/04,uk,31122.0,United Kingdom,2020-03-04,86,1
2020/03/05,uk,33376.0,United Kingdom,2020-03-05,116,1
2020/03/06,uk,36232.0,United Kingdom,2020-03-06,164,2
2020/03/07,uk,39312.0,United Kingdom,2020-03-07,207,2
2020/03/08,uk,41020.0,United Kingdom,2020-03-08,274,3
2020/03/09,uk,42406.0,United Kingdom,2020-03-09,322,4
2020/03/10,uk,45430.0,United Kingdom,2020-03-10,384,6
2020/03/11,uk,48748.0,United Kingdom,2020-03-11,459,8
2020/03/12,uk,53732.0,United Kingdom,2020-03-12,459,8
2020/03/13,uk,60074.0,United Kingdom,2020-03-13,802,8
2020/03/14,uk,66612.0,United Kingdom,2020-03-14,1144,21
2020/03/15,uk,71666.0,United Kingdom,2020-03-15,1145,21
2020/03/16,uk,75684.0,United Kingdom,2020-03-16,1551,56
2020/03/17,uk,83300.0,United Kingdom,2020-03-17,1960,56
2020/01/23,usa,1078.0,US,2020-01-23,1,1
2020/01/24,usa,1918.0,US,2020-01-24,2,1
2020/01/25,usa,3010.0,US,2020-01-25,2,1
2020/01/26,usa,3458.0,US,2020-01-26,5,1
2020/01/27,usa,3906.0,US,2020-01-27,5,1
2020/01/28,usa,5208.0,US,2020-01-28,5,1
2020/01/29,usa,6874.0,US,2020-01-29,5,1
2020/01/30,usa,9044.0,US,2020-01-30,5,1
2020/01/31,usa,11340.0,US,2020-01-31,7,1
2020/02/01,usa,13664.0,US,2020-02-01,8,1
2020/02/02,usa,14812.0,US,2020-02-02,8,1
2020/02/03,usa,15610.0,US,2020-02-03,11,1
2020/02/04,usa,17192.0,US,2020-02-04,11,1
2020/02/05,usa,19110.0,US,2020-02-05,11,1
2020/02/06,usa,21014.0,US,2020-02-06,11,1
2020/02/07,usa,23086.0,US,2020-02-07,11,1
2020/02/08,usa,25088.0,US,2020-02-08,11,1
2020/02/09,usa,26110.0,US,2020-02-09,11,1
2020/02/10,usa,26712.0,US,2020-02-10,11,1
2020/02/11,usa,28042.0,US,2020-02-11,12,1
2020/02/12,usa,29904.0,US,2020-02-12,12,1
2020/02/13,usa,31724.0,US,2020-02-13,13,1
2020/02/14,usa,33432.0,US,2020-02-14,13,1
2020/02/15,usa,35434.0,US,2020-02-15,13,1
2020/02/16,usa,36148.0,US,2020-02-16,13,1
2020/02/17,usa,36708.0,US,2020-02-17,13,1
2020/02/18,usa,37912.0,US,2020-02-18,13,1
2020/02/19,usa,39802.0,US,2020-02-19,13,1
2020/02/20,usa,47740.0,US,2020-02-20,13,1
2020/02/21,usa,49966.0,US,2020-02-21,15,1
2020/02/22,usa,52332.0,US,2020-02-22,15,1
2020/02/23,usa,53480.0,US,2020-02-23,15,1
2020/02/24,usa,54138.0,US,2020-02-24,51,1
2020/02/25,usa,56182.0,US,2020-02-25,51,1
2020/02/26,usa,59514.0,US,2020-02-26,57,1
2020/02/27,usa,68824.0,US,2020-02-27,58,1
2020/02/28,usa,74326.0,US,2020-02-28,60,1
2020/02/29,usa,80094.0,US,2020-02-29,68,1
2020/03/02,usa,83090.0,US,2020-03-02,98,6
2020/03/03,usa,87920.0,US,2020-03-03,118,7
2020/03/04,usa,94906.0,US,2020-03-04,149,11
2020/03/05,usa,102928.0,US,2020-03-05,217,12
2020/03/06,usa,111706.0,US,2020-03-06,262,14
2020/03/07,usa,120848.0,US,2020-03-07,402,17
2020/03/08,usa,126406.0,US,2020-03-08,518,21
2020/03/09,usa,131474.0,US,2020-03-09,583,22
2020/03/10,usa,139426.0,US,2020-03-10,959,28
2020/03/11,usa,151718.0,US,2020-03-11,1281,36
2020/03/12,usa,166096.0,US,2020-03-12,1663,40
2020/03/13,usa,188958.0,US,2020-03-13,2179,47
2020/03/14,usa,216916.0,US,2020-03-14,2727,54
2020/03/15,usa,234612.0,US,2020-03-15,3499,63
2020/03/16,usa,250978.0,US,2020-03-16,4632,85
2020/03/17,usa,274946.0,US,2020-03-17,6421,108
2020/03/18,china,11780.0,China,2020-03-18,81102,3241
2020/03/19,china,22630.0,China,2020-03-19,81156,3249
2020/03/20,china,36797.0,China,2020-03-20,81250,3253
2020/03/21,china,46965.0,China,2020-03-21,81305,3259
2020/03/22,china,53072.0,China,2020-03-22,81435,3274
2020/03/23,china,58404.0,China,2020-03-23,81498,3274
2020/03/24,china,68603.0,China,2020-03-24,81591,3281
2020/03/25,china,81127.0,China,2020-03-25,81661,3285
2020/03/26,china,92628.0,China,2020-03-26,81782,3291
2020/03/27,china,103850.0,China,2020-03-27,81897,3296
2020/03/28,china,116622.0,China,2020-03-28,81999,3299
2020/03/29,china,122698.0,China,2020-03-29,82122,3304
2020/03/30,china,127968.0,China,2020-03-30,82198,3308
2020/03/31,china,139128.0,China,2020-03-31,82279,3309
2020/04/01,china,150660.0,China,2020-04-01,82361,3316
2020/04/02,china,163122.0,China,2020-04-02,82432,3322
2020/03/18,iran,1426.0,Iran,2020-03-18,17361,1135
2020/03/19,iran,2821.0,Iran,2020-03-19,18407,1284
2020/03/20,iran,3720.0,Iran,2020-03-20,19644,1433
2020/03/21,iran,4898.0,Iran,2020-03-21,20610,1556
2020/03/22,iran,5487.0,Iran,2020-03-22,21638,1685
2020/03/23,iran,5983.0,Iran,2020-03-23,23049,1812
2020/03/24,iran,6758.0,Iran,2020-03-24,24811,1934
2020/03/25,iran,7936.0,Iran,2020-03-25,27017,2077
2020/03/26,iran,8494.0,Iran,2020-03-26,29406,2234
2020/03/27,iran,9517.0,Iran,2020-03-27,32332,2378
2020/03/28,iran,10323.0,Iran,2020-03-28,35408,2517
2020/03/29,iran,11067.0,Iran,2020-03-29,38309,2640
2020/03/30,iran,11687.0,Iran,2020-03-30,41495,2757
2020/03/31,iran,12276.0,Iran,2020-03-31,44605,2898
2020/04/01,iran,13144.0,Iran,2020-04-01,47593,3036
2020/04/02,iran,14229.0,Iran,2020-04-02,50468,3160
2020/03/18,italy,28210.0,Italy,2020-03-18,35713,2978
2020/03/19,italy,54839.0,Italy,2020-03-19,41035,3405
2020/03/20,italy,80352.0,Italy,2020-03-20,47021,4032
2020/03/21,italy,107725.0,Italy,2020-03-21,53578,4825
2020/03/22,italy,127813.0,Italy,2020-03-22,59138,5476
2020/03/23,italy,145266.0,Italy,2020-03-23,63927,6077
2020/03/24,italy,171833.0,Italy,2020-03-24,69176,6820
2020/03/25,italy,201252.0,Italy,2020-03-25,74386,7503
2020/03/26,italy,228036.0,Italy,2020-03-26,80589,8215
2020/03/27,italy,256494.0,Italy,2020-03-27,86498,9134
2020/03/28,italy,285293.0,Italy,2020-03-28,92472,10023
2020/03/29,italy,303614.0,Italy,2020-03-29,97689,10779
2020/03/30,italy,320230.0,Italy,2020-03-30,101739,11591
2020/03/31,italy,344782.0,Italy,2020-03-31,105792,12428
2020/04/01,italy,370822.0,Italy,2020-04-01,110574,13155
2020/04/02,italy,398722.0,Italy,2020-04-02,115242,13915
2020/03/18,jap,2573.0,Japan,2020-03-18,889,29
2020/03/19,jap,5363.0,Japan,2020-03-19,924,29
2020/03/20,jap,8649.0,Japan,2020-03-20,963,33
2020/03/21,jap,11501.0,Japan,2020-03-21,1007,35
2020/03/22,jap,13237.0,Japan,2020-03-22,1101,41
2020/03/23,jap,15841.0,Japan,2020-03-23,1128,42
2020/03/24,jap,20894.0,Japan,2020-03-24,1193,43
2020/03/25,jap,27311.0,Japan,2020-03-25,1307,45
2020/03/26,jap,31651.0,Japan,2020-03-26,1387,47
2020/03/27,jap,34627.0,Japan,2020-03-27,1468,49
2020/03/28,jap,36952.0,Japan,2020-03-28,1693,52
2020/03/29,jap,38254.0,Japan,2020-03-29,1866,54
2020/03/30,jap,39711.0,Japan,2020-03-30,1866,54
2020/03/31,jap,43400.0,Japan,2020-03-31,1953,56
2020/04/01,jap,45942.0,Japan,2020-04-01,2178,57
2020/04/02,jap,48298.0,Japan,2020-04-02,2495,62
2020/03/18,singp,992.0,Singapore,2020-03-18,313,1
2020/03/19,singp,1829.0,Singapore,2020-03-19,345,1
2020/03/20,singp,2759.0,Singapore,2020-03-20,385,1
2020/03/21,singp,3627.0,Singapore,2020-03-21,432,2
2020/03/22,singp,4340.0,Singapore,2020-03-22,455,2
2020/03/23,singp,4774.0,Singapore,2020-03-23,509,2
2020/03/24,singp,5270.0,Singapore,2020-03-24,558,2
2020/03/25,singp,6324.0,Singapore,2020-03-25,631,2
2020/03/26,singp,7285.0,Singapore,2020-03-26,683,2
2020/03/27,singp,8308.0,Singapore,2020-03-27,732,2
2020/03/28,singp,9393.0,Singapore,2020-03-28,802,2
2020/03/29,singp,9858.0,Singapore,2020-03-29,844,3
2020/03/30,singp,10323.0,Singapore,2020-03-30,879,3
2020/03/31,singp,11129.0,Singapore,2020-03-31,926,3
2020/04/01,singp,11966.0,Singapore,2020-04-01,1000,3
2020/04/02,singp,12896.0,Singapore,2020-04-02,1049,4
2020/03/18,skorea,1364.0,"Korea, South",2020-03-18,8413,84
2020/03/19,skorea,2573.0,"Korea, South",2020-03-19,8565,91
2020/03/20,skorea,3751.0,"Korea, South",2020-03-20,8652,94
2020/03/21,skorea,5084.0,"Korea, South",2020-03-21,8799,102
2020/03/22,skorea,5952.0,"Korea, South",2020-03-22,8961,111
2020/03/23,skorea,6479.0,"Korea, South",2020-03-23,8961,111
2020/03/24,skorea,7657.0,"Korea, South",2020-03-24,9037,120
2020/03/25,skorea,9238.0,"Korea, South",2020-03-25,9137,126
2020/03/26,skorea,10013.0,"Korea, South",2020-03-26,9241,131
2020/03/27,skorea,11594.0,"Korea, South",2020-03-27,9332,139
2020/03/28,skorea,12741.0,"Korea, South",2020-03-28,9478,144
2020/03/29,skorea,13330.0,"Korea, South",2020-03-29,9583,152
2020/03/30,skorea,14105.0,"Korea, South",2020-03-30,9661,158
2020/03/31,skorea,15469.0,"Korea, South",2020-03-31,9786,162
2020/04/01,skorea,17050.0,"Korea, South",2020-04-01,9887,165
2020/04/02,skorea,18538.0,"Korea, South",2020-04-02,9976,169
2020/03/18,spain,30752.0,Spain,2020-03-18,13910,623
2020/03/19,spain,60884.0,Spain,2020-03-19,17963,830
2020/03/20,spain,90365.0,Spain,2020-03-20,20410,1043
2020/03/21,spain,118854.0,Spain,2020-03-21,25374,1375
2020/03/22,spain,137950.0,Spain,2020-03-22,28768,1772
2020/03/23,spain,156085.0,Spain,2020-03-23,35136,2311
2020/03/24,spain,182590.0,Spain,2020-03-24,39885,2808
2020/03/25,spain,213373.0,Spain,2020-03-25,49515,3647
2020/03/26,spain,244373.0,Spain,2020-03-26,57786,4365
2020/03/27,spain,275063.0,Spain,2020-03-27,65719,5138
2020/03/28,spain,308140.0,Spain,2020-03-28,73235,5982
2020/03/29,spain,327577.0,Spain,2020-03-29,80110,6803
2020/03/30,spain,345557.0,Spain,2020-03-30,87956,7716
2020/03/31,spain,372589.0,Spain,2020-03-31,95923,8464
2020/04/01,spain,401326.0,Spain,2020-04-01,104118,9387
2020/04/02,spain,435395.0,Spain,2020-04-02,112065,10348
2020/03/18,uk,13919.0,United Kingdom,2020-03-18,2642,72
2020/03/19,uk,30814.0,United Kingdom,2020-03-19,2716,138
2020/03/20,uk,48701.0,United Kingdom,2020-03-20,4014,178
2020/03/21,uk,65162.0,United Kingdom,2020-03-21,5067,234
2020/03/22,uk,74369.0,United Kingdom,2020-03-22,5745,282
2020/03/23,uk,82305.0,United Kingdom,2020-03-23,6726,336
2020/03/24,uk,97154.0,United Kingdom,2020-03-24,8164,423
2020/03/25,uk,113522.0,United Kingdom,2020-03-25,9640,466
2020/03/26,uk,128650.0,United Kingdom,2020-03-26,11812,580
2020/03/27,uk,145111.0,United Kingdom,2020-03-27,14745,761
2020/03/28,uk,162471.0,United Kingdom,2020-03-28,17312,1021
2020/03/29,uk,172701.0,United Kingdom,2020-03-29,19780,1231
2020/03/30,uk,180234.0,United Kingdom,2020-03-30,22453,1411
2020/03/31,uk,193843.0,United Kingdom,2020-03-31,25481,1793
2020/04/01,uk,209746.0,United Kingdom,2020-04-01,29865,2357
2020/04/02,uk,229803.0,United Kingdom,2020-04-02,34173,2926
2020/03/18,usa,56420.0,US,2020-03-18,7783,118
2020/03/19,usa,111135.0,US,2020-03-19,13677,200
2020/03/20,usa,169849.0,US,2020-03-20,19100,244
2020/03/21,usa,232066.0,US,2020-03-21,25489,307
2020/03/22,usa,266755.0,US,2020-03-22,33276,417
2020/03/23,usa,297631.0,US,2020-03-23,43847,557
2020/03/24,usa,336164.0,US,2020-03-24,53740,706
2020/03/25,usa,393328.0,US,2020-03-25,65778,942
2020/03/26,usa,449004.0,US,2020-03-26,83836,1209
2020/03/27,usa,513453.0,US,2020-03-27,101657,1581
2020/03/28,usa,577375.0,US,2020-03-28,121478,2026
2020/03/29,usa,615133.0,US,2020-03-29,140886,2467
2020/03/30,usa,648334.0,US,2020-03-30,161807,2978
2020/03/31,usa,692168.0,US,2020-03-31,188172,3873
2020/04/01,usa,749177.0,US,2020-04-01,213372,4757
2020/04/02,usa,819330.0,US,2020-04-02,243453,5926